date;interval;start;caesar;mirror;error_reports;language;help;outofcontext;errors
2024-3-3;5 days, 20:35:58;0;[11, 14];[0,0];[1, 1];0;[0, 0];0;0;0
2024-3-4;1:42:55;0;[0, 0];[0, 0];[1, 1];[0, 0];0;[0, 0];0;0;0
2024-3-15;11 days, 0:58:46;0;[10, 10];[0, 0];[8, 8];[0, 0];0;[0, 0];0;0;0
2024-10-29;55 days, 2:02:49;0;[2, 1];[0, 0];[0, 0];[0, 0];0;[0, 0];0;0;0
2024-10-29;0:00:41;0;[0, 0];[0, 0];[0, 0];[0, 0];[0, 0];0;[0, 0];0;0;0
2024-11-4;6 days, 18:23:01;0;[5, 3];[2, 2];[0, 0];[0, 0];[4, 51];0;[0, 0];0;0;0
2024-12-24;49 days, 1:49:46;0;[10, 9];[0, 0];[7, 7];[1, 0];[3, 13];0;[0, 0];0;4;0;0
2025-4-18;114 days, 20:36:58;0;[1, 1];[4, 4];[0, 0];[0, 0];[0, 0];0;[0, 0];0;2;0;0
2025-7-18;91 days, 17:24:56;0;[15, 15];[0, 0];[4, 4];[0, 0];[0, 0];0;[0, 0];0;1;0;0
2025-10-11;4 days, 16:31:28;0;[0, 0];[0, 0];[0, 0];[0, 0];[0, 0];0;[0, 0];0;1;0;0
